timestamp,user_id,password_attempt,dictionary_flag,hmac_valid,password_valid,failed_attempts,vulnerability_score,attack_type,password_entropy,label
1774333980,nathan,school1,1,True,False,1,0.02,dictionary,36.18947501009619,1
1774333982,frank,T!gerLily#2026,0,True,True,0,0.0,legitimate,91.76424392348693,0
1774333984,alice,admin123,0,True,True,0,0.155,legitimate,41.3594000115385,0
1774333989,alice,admin123,0,True,True,0,0.155,legitimate,41.3594000115385,0
1774333991,bob,Secure@456,0,True,True,0,0.0,legitimate,65.54588851677637,0
1774333993,olivia,ShadowWolf!2026,0,True,True,0,0.0,legitimate,98.31883277516457,0
1774333995,alice,admin123,0,True,True,0,0.155,legitimate,41.3594000115385,0
1774333996,isabel,Quantum@Leap42,0,True,True,0,0.0,legitimate,91.76424392348693,0
1774333998,alice,admin123,0,True,True,0,0.155,legitimate,41.3594000115385,0
1774334000,henry,BlueSky!7Clouds,0,True,True,0,0.0,legitimate,98.31883277516457,0
1774334001,henry,BlueSky!7Clouds,0,True,True,0,0.0,legitimate,98.31883277516457,0
1774334003,alice,admin123,0,True,True,0,0.155,legitimate,41.3594000115385,0
1774334005,karen,IronHorse#77$,0,True,True,0,0.0,legitimate,85.2096550718093,0
1774334007,eva,letmein123,0,True,True,0,0.069,legitimate,51.69925001442312,0
1774334007,eva,letmein123,0,True,True,0,0.069,replay,51.69925001442312,1
1774334007,david,StrongPass!99,0,True,True,0,0.0,legitimate,85.2096550718093,0
1774334009,leo,flopsy,1,True,False,1,0.02,dictionary,28.202638308846552,1
1774334011,mia,OceanWave$456!,0,True,True,0,0.0,legitimate,91.76424392348693,0
1774334012,mia,012345,1,True,False,1,0.02,low_and_slow,19.931568569324174,1
1774334016,nathan,cutie13,1,True,False,2,0.04,low_and_slow,36.18947501009619,1
1774334019,leo,dollface,1,True,False,2,0.04,low_and_slow,37.603517745128734,1
1774334025,isabel,jayden,1,True,False,1,0.02,low_and_slow,28.202638308846552,1
1774334028,bob,abcd123,1,True,False,1,0.02,low_and_slow,36.18947501009619,1
1774334032,henry,LOVELY,1,True,False,1,0.02,rapid_burst,28.202638308846552,1
1774334032,david,mikejones,1,True,False,1,0.02,rapid_burst,42.303957463269825,1
1774334033,mia,legacy,1,True,False,2,0.04,rapid_burst,28.202638308846552,1
1774334033,grace,kaikai,1,True,False,1,0.02,rapid_burst,28.202638308846552,1
1774334033,karen,bhabycoh,1,True,False,1,0.02,rapid_burst,37.603517745128734,1
1774334033,mia,champs,1,True,False,3,0.06,rapid_burst,28.202638308846552,1
1774334033,david,laptop,1,True,False,2,0.04,rapid_burst,28.202638308846552,1
1774334033,frank,dominique,1,True,False,1,0.02,rapid_burst,42.303957463269825,1
1774334033,frank,gandako,1,True,False,2,0.04,rapid_burst,32.90307802698764,1
1774334033,eva,elisabeth,1,True,False,1,0.089,rapid_burst,42.303957463269825,1
1774334033,grace,hawaii50,1,True,False,2,0.04,rapid_burst,41.3594000115385,1
1774334033,leo,lucifer,1,True,False,3,0.06,rapid_burst,32.90307802698764,1
1774334033,david,445566,1,True,False,3,0.06,rapid_burst,19.931568569324174,1
1774334034,alice,ROCKYOU,1,True,False,1,0.175,rapid_burst,32.90307802698764,1
1774334034,olivia,sexybaby,1,True,False,1,0.02,rapid_burst,37.603517745128734,1
1774334035,leo,Phoenix_Fire!123,0,True,True,0,0.0,legitimate,104.8734216268422,0
1774334037,henry,BlueSky!7Clouds,0,True,True,0,0.0,legitimate,98.31883277516457,0
1774334039,jack,iloveyou.,1,True,False,1,0.02,dictionary,52.721828956148144,1
1774334040,grace,C0smic$Ray_88,0,True,True,0,0.0,legitimate,85.2096550718093,0
1774334042,leo,Phoenix_Fire!123,0,True,True,0,0.0,legitimate,104.8734216268422,0
1774334044,eva,letmein123,0,True,True,0,0.069,legitimate,51.69925001442312,0
1774334045,mia,OceanWave$456!,0,True,True,0,0.0,legitimate,91.76424392348693,0
1774334048,bob,sapphire,1,True,False,2,0.04,rapid_burst,37.603517745128734,1
1774334048,bob,belen,1,True,False,3,0.06,rapid_burst,23.502198590705458,1
1774334048,nathan,czarina,1,True,False,3,0.06,rapid_burst,32.90307802698764,1
1774334048,olivia,melisa,1,True,False,2,0.04,rapid_burst,28.202638308846552,1
1774334048,leo,dimple,1,True,False,1,0.02,rapid_burst,28.202638308846552,1
1774334048,isabel,tumadre,1,True,False,2,0.04,rapid_burst,32.90307802698764,1
1774334048,eva,monkey!,1,True,False,1,0.089,rapid_burst,41.005866965893006,1
1774334048,isabel,yumyum,1,True,False,3,0.06,rapid_burst,28.202638308846552,1
1774334048,david,lindsey,1,True,False,4,0.08,rapid_burst,32.90307802698764,1
1774334049,leo,sinner,1,True,False,2,0.04,rapid_burst,28.202638308846552,1
1774334049,grace,doobie,1,True,False,1,0.02,rapid_burst,28.202638308846552,1
1774334049,alice,timberlake,1,True,False,2,0.195,rapid_burst,47.004397181410916,1
1774334049,leo,nigger,1,True,False,3,0.06,rapid_burst,28.202638308846552,1
1774334049,eva,christa,1,True,False,2,0.109,rapid_burst,32.90307802698764,1
1774334049,charlie,bumbum,1,True,False,1,0.02,rapid_burst,28.202638308846552,1
1774334050,isabel,Quantum@Leap42,0,True,True,0,0.0,legitimate,91.76424392348693,0
1774334052,isabel,Quantum@Leap42,0,True,True,0,0.0,legitimate,91.76424392348693,0
1774334052,isabel,Quantum@Leap42,0,True,True,0,0.0,replay,91.76424392348693,1
1774334053,jack,Sun&Moon_2025!,0,True,True,0,0.0,legitimate,91.76424392348693,0
1774334058,isabel,Quantum@Leap42,0,True,True,0,0.0,legitimate,91.76424392348693,0
1774334060,olivia,ShadowWolf!2026,0,True,True,0,0.0,legitimate,98.31883277516457,0
1774334062,karen,leanne,1,True,False,2,0.04,rapid_burst,28.202638308846552,1
1774334062,nathan,makeup,1,True,False,4,0.08,rapid_burst,28.202638308846552,1
1774334062,alice,meangirls,1,True,False,3,0.215,rapid_burst,42.303957463269825,1
1774334062,charlie,lalakers,1,True,False,2,0.04,rapid_burst,37.603517745128734,1
1774334062,olivia,softball6,1,True,False,1,0.02,rapid_burst,46.529325012980806,1
1774334062,eva,lizard,1,True,False,3,0.129,rapid_burst,28.202638308846552,1
1774334062,jack,summer,1,True,False,1,0.02,rapid_burst,28.202638308846552,1
1774334062,olivia,karencita,1,True,False,2,0.04,rapid_burst,42.303957463269825,1
1774334062,alice,bench,1,True,False,4,0.235,rapid_burst,23.502198590705458,1
1774334063,grace,spitfire,1,True,False,2,0.04,rapid_burst,37.603517745128734,1
1774334063,david,454545,1,True,False,5,0.1,rapid_burst,19.931568569324174,1
1774334063,alice,saxophone,1,True,False,5,0.255,rapid_burst,42.303957463269825,1
1774334063,eva,bunbury,1,True,False,4,0.149,rapid_burst,32.90307802698764,1
1774334063,henry,princess12,1,True,False,1,0.02,rapid_burst,51.69925001442312,1
1774334063,isabel,chris17,1,True,False,1,0.02,rapid_burst,36.18947501009619,1
1774334064,nathan,Galaxy@Storm99,0,True,True,0,0.0,legitimate,91.76424392348693,0
1774334066,leo,Phoenix_Fire!123,0,True,True,0,0.0,legitimate,104.8734216268422,0
1774334067,nathan,Galaxy@Storm99,0,True,True,0,0.0,legitimate,91.76424392348693,0
1774334069,bob,Secure@456,0,True,True,0,0.0,legitimate,65.54588851677637,0
1774334071,frank,lilmama1,1,True,False,3,0.06,low_and_slow,41.3594000115385,1
1774334074,nathan,123456k,1,True,False,1,0.02,low_and_slow,36.18947501009619,1
1774334077,isabel,stone,1,True,False,2,0.04,low_and_slow,23.502198590705458,1
1774334080,karen,shizzle,1,True,False,3,0.06,low_and_slow,32.90307802698764,1
1774334083,henry,ben123,1,True,False,2,0.04,low_and_slow,31.019550008653873,1
1774334087,eva,letmein123,0,True,True,0,0.069,legitimate,51.69925001442312,0
1774334087,eva,letmein123,0,True,True,0,0.069,replay,51.69925001442312,1
1774334088,karen,IronHorse#77$,0,True,True,0,0.0,legitimate,85.2096550718093,0
1774334092,olivia,ShadowWolf!2026,0,True,True,0,0.0,legitimate,98.31883277516457,0
1774334092,olivia,ShadowWolf!2026,0,True,True,0,0.0,replay,98.31883277516457,1
1774334093,grace,C0smic$Ray_88,0,True,True,0,0.0,legitimate,85.2096550718093,0
1774334095,alice,admin123,0,True,True,0,0.155,legitimate,41.3594000115385,0
1774334097,henry,angel6,1,True,False,3,0.06,low_and_slow,31.019550008653873,1
1774334100,alice,lillian,1,True,False,1,0.175,low_and_slow,32.90307802698764,1
1774334103,mia,cecille,1,True,False,1,0.02,low_and_slow,32.90307802698764,1
1774334106,grace,Michael,1,True,False,1,0.02,low_and_slow,39.90307802698764,1
1774334109,eva,homer,1,True,False,1,0.089,low_and_slow,23.502198590705458,1
1774334113,grace,C0smic$Ray_88,0,True,True,0,0.0,legitimate,85.2096550718093,0
1774334113,grace,C0smic$Ray_88,0,True,True,0,0.0,replay,85.2096550718093,1
1774334113,grace,C0smic$Ray_88,0,True,True,0,0.0,legitimate,85.2096550718093,0
1774334115,grace,C0smic$Ray_88,0,True,True,0,0.0,legitimate,85.2096550718093,0
1774334117,jack,Sun&Moon_2025!,0,True,True,0,0.0,legitimate,91.76424392348693,0
1774334119,olivia,ShadowWolf!2026,0,True,True,0,0.0,legitimate,98.31883277516457,0
1774334121,jack,Sun&Moon_2025!,0,True,True,0,0.0,legitimate,91.76424392348693,0
1774334123,henry,BlueSky!7Clouds,0,True,True,0,0.0,legitimate,98.31883277516457,0
1774334128,bob,Secure@456,0,True,True,0,0.0,legitimate,65.54588851677637,0
1774334130,karen,IronHorse#77$,0,True,True,0,0.0,legitimate,85.2096550718093,0
1774334132,alice,admin123,0,True,True,0,0.155,legitimate,41.3594000115385,0
1774334134,david,StrongPass!99,0,True,True,0,0.0,legitimate,85.2096550718093,0
1774334136,karen,IronHorse#77$,0,True,True,0,0.0,legitimate,85.2096550718093,0
1774334137,david,StrongPass!99,0,True,True,0,0.0,legitimate,85.2096550718093,0
1774334140,nathan,Galaxy@Storm99,0,True,True,0,0.0,legitimate,91.76424392348693,0
1774334142,david,StrongPass!99,0,True,True,0,0.0,legitimate,85.2096550718093,0
1774334144,nathan,Galaxy@Storm99,0,True,True,0,0.0,legitimate,91.76424392348693,0
1774334145,henry,BlueSky!7Clouds,0,True,True,0,0.0,legitimate,98.31883277516457,0
1774334148,henry,BlueSky!7Clouds,0,True,True,0,0.0,legitimate,98.31883277516457,0
1774334150,david,StrongPass!99,0,True,True,0,0.0,legitimate,85.2096550718093,0
1774334150,david,StrongPass!99,0,True,True,0,0.0,replay,85.2096550718093,1
1774334150,mia,OceanWave$456!,0,True,True,0,0.0,legitimate,91.76424392348693,0
1774334150,mia,OceanWave$456!,0,True,True,0,0.0,replay,91.76424392348693,1
1774334151,alice,packard,1,True,False,1,0.175,rapid_burst,32.90307802698764,1
1774334151,grace,maryland,1,True,False,1,0.02,rapid_burst,37.603517745128734,1
1774334151,alice,mindy,1,True,False,2,0.195,rapid_burst,23.502198590705458,1
1774334151,nathan,dragonballz,1,True,False,1,0.02,rapid_burst,51.70483689955201,1
1774334151,leo,mission,1,True,False,1,0.02,rapid_burst,32.90307802698764,1
1774334151,charlie,breanna1,1,True,False,3,0.06,rapid_burst,41.3594000115385,1
1774334152,karen,solotu,1,True,False,1,0.02,rapid_burst,28.202638308846552,1
1774334152,isabel,swimming1,1,True,False,3,0.06,rapid_burst,46.529325012980806,1
1774334152,david,gabyta,1,True,False,1,0.02,rapid_burst,28.202638308846552,1
1774334152,charlie,!@#$%^,1,True,False,4,0.08,rapid_burst,30.0,1
1774334152,alice,blaze1,1,True,False,3,0.215,rapid_burst,31.019550008653873,1
1774334152,charlie,marino,1,True,False,5,0.1,rapid_burst,28.202638308846552,1
1774334152,henry,MICKEY,1,True,False,1,0.02,rapid_burst,28.202638308846552,1
1774334152,alice,honey123,1,True,False,4,0.235,rapid_burst,41.3594000115385,1
1774334152,isabel,rebel1,1,True,False,4,0.08,rapid_burst,31.019550008653873,1
1774334153,bob,Secure@456,0,True,True,0,0.0,legitimate,65.54588851677637,0
1774334156,alice,admin123,0,True,True,0,0.155,legitimate,41.3594000115385,0
1774334157,eva,letmein123,0,True,True,0,0.069,legitimate,51.69925001442312,0
1774334159,david,StrongPass!99,0,True,True,0,0.0,legitimate,85.2096550718093,0
1774334163,frank,T!gerLily#2026,0,True,True,0,0.0,legitimate,91.76424392348693,0
1774334166,isabel,twins,1,True,False,5,0.1,rapid_burst,23.502198590705458,1
1774334166,jack,moveon,1,True,False,1,0.02,rapid_burst,28.202638308846552,1
1774334166,mia,iloveyou143,1,True,False,1,0.02,rapid_burst,56.86917501586544,1
1774334166,charlie,poohbear,1,True,False,6,0.12,rapid_burst,37.603517745128734,1
1774334166,eva,012345,1,True,False,1,0.089,rapid_burst,19.931568569324174,1
1774334166,eva,murray,1,True,False,2,0.109,rapid_burst,28.202638308846552,1
1774334167,frank,jackson,1,True,False,1,0.02,rapid_burst,32.90307802698764,1
1774334167,henry,march17,1,True,False,2,0.04,rapid_burst,36.18947501009619,1
1774334167,leo,121989,1,True,False,2,0.04,rapid_burst,19.931568569324174,1
1774334167,leo,louise1,1,True,False,3,0.06,rapid_burst,36.18947501009619,1
1774334167,charlie,sandro,1,True,False,7,0.14,rapid_burst,28.202638308846552,1
1774334167,jack,0123456,1,True,False,2,0.04,rapid_burst,23.253496664211536,1
1774334167,grace,powell,1,True,False,2,0.04,rapid_burst,28.202638308846552,1
1774334167,david,ilikeyou,1,True,False,1,0.02,rapid_burst,37.603517745128734,1
1774334167,bob,academy,1,True,False,1,0.02,rapid_burst,32.90307802698764,1
1774334168,bob,Secure@456,0,True,True,0,0.0,legitimate,65.54588851677637,0
1774334170,david,StrongPass!99,0,True,True,0,0.0,legitimate,85.2096550718093,0
1774334172,alice,admin123,0,True,True,0,0.155,legitimate,41.3594000115385,0
1774334174,olivia,inferno,1,True,False,1,0.02,dictionary,32.90307802698764,1
1774334176,olivia,ShadowWolf!2026,0,True,True,0,0.0,legitimate,98.31883277516457,0
1774334177,karen,IronHorse#77$,0,True,True,0,0.0,legitimate,85.2096550718093,0
1774334177,karen,IronHorse#77$,0,True,True,0,0.0,replay,85.2096550718093,1
1774334178,olivia,ShadowWolf!2026,0,True,True,0,0.0,legitimate,98.31883277516457,0
1774334181,jack,Sun&Moon_2025!,0,True,True,0,0.0,legitimate,91.76424392348693,0
1774334183,jack,Sun&Moon_2025!,0,True,True,0,0.0,legitimate,91.76424392348693,0
1774334185,leo,Taylor,1,True,False,4,0.08,rapid_burst,34.20263830884655,1
1774334185,olivia,HOTTIE,1,True,False,1,0.02,rapid_burst,28.202638308846552,1
1774334185,frank,church,1,True,False,2,0.04,rapid_burst,28.202638308846552,1
1774334185,karen,lilfizz,1,True,False,1,0.02,rapid_burst,32.90307802698764,1
1774334185,jack,skulls,1,True,False,1,0.02,rapid_burst,28.202638308846552,1
1774334185,henry,mariah1,1,True,False,3,0.06,rapid_burst,36.18947501009619,1
1774334185,eva,kirby,1,True,False,3,0.129,rapid_burst,23.502198590705458,1
1774334186,jack,redsox,1,True,False,2,0.04,rapid_burst,28.202638308846552,1
1774334186,bob,jehova,1,True,False,1,0.02,rapid_burst,28.202638308846552,1
1774334186,david,jablay,1,True,False,1,0.02,rapid_burst,28.202638308846552,1
1774334186,charlie,smile,1,True,False,8,0.16,rapid_burst,23.502198590705458,1
1774334186,mia,mollymoo,1,True,False,2,0.04,rapid_burst,37.603517745128734,1
1774334186,grace,feyenoord,1,True,False,3,0.06,rapid_burst,42.303957463269825,1
1774334186,david,pink16,1,True,False,2,0.04,rapid_burst,31.019550008653873,1
1774334186,alice,sunset,1,True,False,1,0.175,rapid_burst,28.202638308846552,1
1774334187,frank,T!gerLily#2026,0,True,True,0,0.0,legitimate,91.76424392348693,0
1774334190,mia,OceanWave$456!,0,True,True,0,0.0,legitimate,91.76424392348693,0
1774334192,alice,elvira,1,True,False,2,0.195,rapid_burst,28.202638308846552,1
1774334192,nathan,sister1,1,True,False,2,0.04,rapid_burst,36.18947501009619,1
1774334192,alice,shella,1,True,False,3,0.215,rapid_burst,28.202638308846552,1
1774334192,grace,johnny1,1,True,False,4,0.08,rapid_burst,36.18947501009619,1
1774334192,henry,poppy1,1,True,False,4,0.08,rapid_burst,31.019550008653873,1
1774334192,david,destiny,1,True,False,3,0.06,rapid_burst,32.90307802698764,1
1774334192,nathan,122333,1,True,False,3,0.06,rapid_burst,19.931568569324174,1
1774334193,david,dougal,1,True,False,4,0.08,rapid_burst,28.202638308846552,1
1774334193,mia,manis,1,True,False,1,0.02,rapid_burst,23.502198590705458,1
1774334193,isabel,psyche,1,True,False,6,0.12,rapid_burst,28.202638308846552,1
1774334193,karen,corey1,1,True,False,2,0.04,rapid_burst,31.019550008653873,1
1774334193,jack,vision,1,True,False,3,0.06,rapid_burst,28.202638308846552,1
1774334193,nathan,crazylove,1,True,False,4,0.08,rapid_burst,42.303957463269825,1
1774334193,grace,sassy1,1,True,False,5,0.1,rapid_burst,31.019550008653873,1
1774334193,jack,143445254,1,True,False,4,0.08,rapid_burst,29.89735285398626,1
1774334194,karen,IronHorse#77$,0,True,True,0,0.0,legitimate,85.2096550718093,0
1774334198,jack,bulldogs,1,True,False,5,0.1,low_and_slow,37.603517745128734,1
1774334201,karen,bobcats,1,True,False,1,0.02,low_and_slow,32.90307802698764,1
1774334204,henry,tomcat,1,True,False,5,0.1,low_and_slow,28.202638308846552,1
1774334207,karen,arizona1,1,True,False,2,0.04,low_and_slow,41.3594000115385,1
1774334210,charlie,gemini,1,True,False,9,0.18,low_and_slow,28.202638308846552,1
1774334214,olivia,ShadowWolf!2026,0,True,True,0,0.0,legitimate,98.31883277516457,0
1774334216,frank,T!gerLily#2026,0,True,True,0,0.0,legitimate,91.76424392348693,0
1774334218,leo,Phoenix_Fire!123,0,True,True,0,0.0,legitimate,104.8734216268422,0
1774334220,frank,T!gerLily#2026,0,True,True,0,0.0,legitimate,91.76424392348693,0
1774334221,frank,T!gerLily#2026,0,True,True,0,0.0,legitimate,91.76424392348693,0
1774334223,charlie,Qwerty@789,0,True,True,0,0.0,legitimate,65.54588851677637,0
1774334223,charlie,Qwerty@789,0,True,True,0,0.0,replay,65.54588851677637,1
1774334225,mia,OceanWave$456!,0,True,True,0,0.0,legitimate,91.76424392348693,0
1774334225,mia,OceanWave$456!,0,True,True,0,0.0,replay,91.76424392348693,1
1774334226,alice,admin123,0,True,True,0,0.155,legitimate,41.3594000115385,0
1774334228,jack,Sun&Moon_2025!,0,True,True,0,0.0,legitimate,91.76424392348693,0
1774334229,karen,IronHorse#77$,0,True,True,0,0.0,legitimate,85.2096550718093,0
1774334234,bob,Secure@456,0,True,True,0,0.0,legitimate,65.54588851677637,0
1774334236,grace,C0smic$Ray_88,0,True,True,0,0.0,legitimate,85.2096550718093,0
1774334238,alice,hawaii1,1,True,False,1,0.175,dictionary,36.18947501009619,1
1774334238,alice,admin123,0,True,True,0,0.155,legitimate,41.3594000115385,0
